pid,doi,award_ids
articles:22618,10.1038/s41467-019-10399-3,1243095
articles:22578,10.1038/s41467-019-10527-z,"AGS1552153,NNX16AB82G"
articles:22660,10.1007/s00382-019-04674-8,"1852977,PLR1341527"
articles:22650,10.1175/JAS-D-18-0315.1,AGS1033112
articles:22653,10.1175/JCLI-D-19-0034.1,"1852977,NA15OAR4310167"
articles:22652,10.1175/MWR-D-18-0448.1,1755088
articles:22645,10.3390/en12142780,DEAC3608GO28308
articles:22671,10.1007/s11207-019-1474-y,1852977
articles:22615,10.1175/JCLI-D-18-0735.1,"NA13OAR4310138,OCE1243015"
articles:22611,10.1175/JCLI-D-18-0823.1,NA14OAR4310224
articles:22580,10.3389/fmars.2019.00260,1852977
articles:22584,10.1021/acs.est.8b06155,1211668
articles:22572,10.5194/acp-19-7255-2019,1852977
articles:22491,10.1175/WAF-D-18-0087.1,DTFAWA15D00036
articles:22535,10.1175/JCLI-D-18-0607.1,DESC0012711
articles:22573,10.3847/1538-4357/ab1907,1852977
articles:22553,10.3389/fmars.2019.00241,"IF000292014CP1230CT0002,IF011942013CP1199CT0002"
articles:22592,10.1029/2019JA026678,"1852977,NNX16AB82G"
articles:22567,10.1029/2019GL082034,"1852977,NNX15AG70A,NNX15AG71A"
articles:22525,10.5194/tc-13-1441-2019,1852977
articles:22496,10.1175/JAMC-D-18-0211.1,"AGS1852977,DEEE0005373"
articles:22498,10.1175/JCLI-D-18-0232.1,1501993
articles:22513,10.1175/JAS-D-18-0301.1,DESC0016476
articles:22505,10.1016/j.asr.2019.01.036,NNX17AG69G
articles:22593,10.1029/2019PA003564,DESC0006744
articles:22595,10.1029/2019SW002184,AGS1033112
articles:22457,10.5194/angeo-37-235-2019,AGS1033112
articles:22433,10.1038/s41558-019-0418-8,AGS1641177
articles:22455,10.1088/1748-9326/ab09b3,1852977
articles:22431,10.1175/JAS-D-18-0034.1,NNX11AC07G
articles:22481,10.1175/WAF-D-18-0136.1,AGS1033112
articles:22461,10.1175/JCLI-D-18-0576.1,"1852977,80NSSC18K0769,NNX16AH60G,SC0006743"
articles:22519,10.1016/j.ocemod.2019.02.006,1852977
articles:22516,10.1175/BAMS-D-18-0005.1,DESC0016476
articles:22515,10.1175/BAMS-D-17-0185.1,753581
articles:22472,10.1175/JTECH-D-18-0105.1,AGS1522830
articles:22564,10.1029/2018JA026175,"80NSSC17K0013,NNX13AE15G,NNX14AD83G,NNX14AE06G,NNX17AI42G"
articles:22416,10.5194/acp-19-3621-2019,DESC0016476
articles:22429,10.1029/2018JD029151,NNX16AD96G
articles:22439,10.1029/2018JD029009,NNX15AH03G
articles:22440,10.1029/2018JD028892,DEAC0576RL01830
articles:22386,10.1016/j.asr.2018.10.036,AGS1033112
articles:22418,10.5194/hess-23-1469-2019,"AGS1048829,AGS1419563,NA11OAR4310205"
articles:22375,10.1175/MWR-D-18-0334.1,"AGS0856145,T0006"
articles:22293,10.1175/JCLI-D-18-0307.1,"NA13OAR4310138,OCE1243015"
articles:22389,10.1175/JAS-D-18-0260.1,49A03A
articles:22562,10.1029/2018JA026388,80NSSC17K0719
articles:22563,10.1029/2018JA026309,CASAGS1033112
articles:22362,10.1038/s41467-019-08884-w,AGS1243095
articles:22365,10.1029/2018JD028906,DEAC0576RL01830
articles:22446,10.1029/2018GL080847,DESC0016476
articles:22395,10.1007/s00382-018-4237-9,"1419585,SC0006743"
articles:22449,10.1029/2018JA026367,NNX16AB82G
articles:22396,10.1175/BAMS-D-17-0297.1,NA15OAR4590191
articles:22394,10.1175/BAMS-D-18-0265.1,1822272
articles:22380,10.1029/2018GB005987,1737158
articles:22452,10.1029/2018JA025476,"AGS1339918,NNX13AF77G,NNX13AF93G,NNX15AK75G,NNX17AG69G"
articles:22352,10.1029/2018JD029596,"DESC0008648,DESC0016476"
articles:22382,10.3390/rs11030251,AGS1033112
articles:22427,10.5194/angeo-37-37-2019,X13AF77G
articles:22284,10.5194/esd-10-45-2019,OCE1243015
articles:22285,10.5194/acp-19-887-2019,DEAC0576RL01830
articles:22287,10.5194/gmd-12-387-2019,"8,561,451,852,977"
articles:22348,10.1029/2018JD029130,80NSSC17P1441
articles:22351,10.1029/2018JD029293,DEAC0576RL01830
articles:22261,10.5194/bg-16-117-2019,NNX15AG87G
articles:22302,10.1029/2018JD028912,NNX16AD96G
articles:22064,10.1016/j.atmosres.2018.08.017,AGS1048829
articles:22309,10.1109/JSTARS.2018.2825948,NNL13AQ00C
articles:22355,10.1016/j.jastp.2018.11.016,"NNX14AE08G,NNX17AI39G"
articles:22243,10.1175/MWR-D-18-0223.1,"AGS1522830,AGS1641177"
articles:22339,10.1029/2018MS001512,DEAC0576RL01830
articles:22170,10.1038/s41561-018-0249-7,"1243107,DEAC0576RL01830"
articles:22311,10.1029/2018GL080474,"1852977,NA13OAR4310137,OCE1243015"
articles:22088,10.1007/s41116-018-0016-2,NNX16AH02G
articles:22234,10.1073/pnas.1813233115,"1243107,DESC0012711"
articles:22246,10.1029/2018GL080870,2.02E+13
articles:22247,10.1029/2018GL079938,2.02E+13
articles:22248,10.1029/2018GL079223,"1417642,NA15OAR4310167"
articles:22276,10.1029/2018MS001440,X13AF77G
articles:22209,10.1021/acs.est.8b03861,NNX16AD96G
articles:22142,10.3390/atmos9120462,EMW2015FP00888
articles:22117,10.1175/JAS-D-18-0031.1,DESC0016476
articles:22117,10.1175/JAS-D-18-0031.1,DESC0016476
articles:22175,10.5194/acp-18-16809-2018,NNX15AG71A
articles:22236,10.1029/2018GL078926,DESC0012711
articles:22259,10.1029/2018EF000984,DEAC3608GO28308
articles:22220,10.1029/2018JA025771,"80NSSC17K0719,NNX14AE08G,NNX17AI39G"
articles:22152,10.5194/angeo-36-1545-2018,X13AF77G
articles:22204,10.1029/2018GL079362,"97ER62402,NA13OAR4310138,OCE1243015"
articles:22199,10.1029/2018JD028306,AGS1552153
articles:22133,10.1088/1748-9326/aae6a9,AGS1243095
articles:22135,10.1175/JAMC-D-18-0036.1,NNX16AQ52G
articles:22085,10.1175/MWR-D-17-0345.1,DEAC0576RL01830
articles:22081,10.3390/atmos9110432,DEAC0576RL01830
articles:22254,10.1175/BAMS-D-17-0267.1,"1243107,DEAC0576RL01830"
articles:22251,10.1175/BAMS-D-18-0154.1,NA16OAR4310253
articles:22222,10.1029/2018MS001336,DESC0012605
articles:22096,10.1175/JTECH-D-18-0006.1,DTFAWA15D00036
articles:22137,10.1029/2018GL079408,"AGS1243107,DESC0012711"
articles:22279,10.1002/qj.3308,"NA13OAR4310138,OCE1243015"
articles:22025,10.1088/1748-9326/aae0ff,PLR1304220
articles:21931,10.1175/JAS-D-18-0105.1,DESC0016476
articles:21932,10.1175/JAS-D-18-0078.1,DESC0016476
articles:22156,10.1029/2018JG004680,2.02E+13
articles:22158,10.1029/2018JA025696,AGS1033112
articles:22181,10.1029/2018JC014275,SC0012605
articles:22090,10.1175/JTECH-D-17-0224.1,AGS1033112
articles:22033,10.1029/2018GL079000,2.02E+13
articles:21985,10.5194/gmd-11-3727-2018,NNX11AI51G
articles:22001,10.1029/2018JD029020,NNX15AE48G
articles:21999,10.1029/2018GL079022,DESC0012711
articles:22103,10.1029/2018SW001869,AGS1033112
articles:21950,10.1088/1748-9326/aad93c,2.02E+13
articles:22015,10.1175/BAMS-D-17-0098.1,"NA13OAR4310138,OCE1243015"
articles:22111,10.1175/BAMS-D-16-0236.1,AGS1243095
articles:22110,10.1175/BAMS-D-17-0164.1,AGS1243030
articles:22006,10.1029/2018GL078642,NNX15AQ66G
articles:22129,10.1002/joc.5694,1419563
articles:21886,10.5194/acp-18-11007-2018,NNX16AD96G
articles:21956,10.1029/2018GL078487,NNX13AF77G
articles:21830,10.1175/JCLI-D-17-0825.1,"NA16OAR4310170,OCE1243015"
articles:22057,10.1007/s13171-018-0129-7,DMS0707069
articles:21840,10.1175/MWR-D-17-0379.1,AGS1033112
articles:21850,10.1175/JAS-D-17-0164.1,DESC0016476
articles:21802,10.1175/WAF-D-17-0101.1,AGS1120459
articles:21761,10.1175/JCLI-D-17-0838.1,DESC0012711
articles:21834,10.5194/amt-11-4309-2018,AGS1522830
articles:21923,10.1029/2017JA025154,"80NSSC17K0013,NNX14AE06G"
articles:21836,10.5194/amt-11-4239-2018,AGS1522830
articles:21784,10.1007/s10291-018-0730-1,AGS1033112
articles:21863,10.1175/BAMS-D-16-0309.1,NA15OAR4590191
articles:21727,10.1002/wat2.1288,1419563
articles:22035,10.1088/1748-9326/aacf68,2.02E+13
articles:21815,10.1175/MWR-D-17-0265.1,NNL13AQ00C
articles:21785,10.1175/WCAS-D-17-0126.1,1331490
articles:21924,10.1002/eap.1752,EMW2011FP01124
articles:21763,10.5194/esd-9-895-2018,AGS1243095
articles:21732,10.5194/gmd-11-2455-2018,DEAC0576RL01830
articles:21769,10.1029/2018JD028285,DEAC0576RL01830
articles:21770,10.1029/2018JD028424,AGS1401803
articles:21740,10.1088/1748-9326/aac4bd,NNX16AO98G
articles:21868,10.1002/2017MS001227,"AGS1049057,DESC0006702"
articles:21716,10.1038/s41598-018-27127-4,NNL13AQ00C
articles:21623,10.1016/j.jastp.2017.07.024,"AGS1033112,AGS1339918,NNX13AF93G,NNX14AD84G"
articles:21660,10.1175/MWR-D-17-0295.1,AGS1243030
articles:21792,10.1175/JAMC-D-17-0337.1,NNX15AQ66G
articles:22141,10.3390/fire1010006,EMW2015FP00888
articles:21791,10.1175/WAF-D-17-0144.1,NA15OAR4590191
articles:21873,10.1029/2018RG000600,DESC0012606
articles:21746,10.1175/JAS-D-17-0389.1,DESC0016476
articles:21814,10.1175/MWR-D-17-0384.1,AGS0856145
articles:21871,10.1029/2018JA025464,NNX16AB82G
articles:21688,10.1007/s00382-017-3893-5,1235231
articles:21676,10.5194/acp-18-7509-2018,NNX15AE38G
articles:21692,10.5194/amt-11-3091-2018,"AGS1522830,NNX16AK37G"
articles:21720,10.1029/2018GL077867,AGS1552153
articles:21747,10.1029/2018JD028425,NNX14AN47G
articles:21673,10.1088/1748-9326/aab9df,"20156700323460,NA17OAR4310134"
articles:21753,10.1029/2017JG004348,"20156700323489,AGS1243095"
articles:21698,10.1029/2018GL077510,X13AF77G
articles:21696,10.1029/2018GL077723,NNX16AB82G
articles:21693,10.1002/2017JD028146,DEAC0576RL01830
articles:21625,10.5194/amt-11-2567-2018,"AGS1522830,AGS1641177"
articles:21750,10.1029/2017MS001219,DEAC0576RL01830
articles:21752,10.1029/2018EF000825,DESC0012711
articles:21584,10.1175/JCLI-D-17-0270.1,"NA13OAR4310138,OCE1243015"
articles:21702,10.1175/JAS-D-17-0295.1,DESC0016476
articles:21704,10.1175/JAMC-D-17-0137.1,DEEE0005373
articles:21864,10.1002/joc.5512,AGS1243030
articles:21683,10.1029/2017JD028030,"NNX14AD83G,NNX16AF90G"
articles:21610,10.1186/s13071-018-2808-6,NNX16AO98G
articles:22290,10.1093/jme/tjy060,CC999999
articles:21632,10.1002/2017JD027782,AGS1552153
articles:21568,10.5194/acp-18-5001-2018,NNX12AD04G
articles:21655,10.1002/2017MS001157,DEAC0576RL01830
articles:21758,10.1175/JHM-D-17-0238.1,DESC0012711
articles:21654,10.1002/2017SW001756,AGS1033112
articles:21706,10.1002/2017JA025107,"AGS1033112,AGS1552153"
articles:21592,10.1002/2017JD027688,NNX10AR40G
articles:21530,10.1002/2018JD028377,2.02E+13
articles:21534,10.1002/2017JD028168,2.02E+13
articles:21511,10.1016/j.agrformet.2017.11.012,2.02E+13
articles:21595,10.1002/2017JA024746,"80NSSC17K0013,NNX14AE06G,NNX17AI42G"
articles:21535,10.1175/JAMC-D-17-0113.1,AGS1419563
articles:21482,10.5194/amt-11-1061-2018,NNX15AK98G
articles:21211,10.1017/jfm.2017.833,DESC0012605
articles:21487,10.1002/2017GL076950,NNX16AB82G
articles:21486,10.1002/2017GL075989,AGS1033112
articles:21333,10.1016/j.agrformet.2017.11.030,EF1048481
articles:21379,10.1007/s10584-016-1779-x,"AGS1243095,NNX10AK79G"
articles:21377,10.1007/s10584-016-1775-1,NNX10AK79G
articles:21378,10.1007/s10584-015-1513-0,AGS1419563
articles:21365,10.1007/s10584-016-1679-0,GEO1010204
articles:21363,10.1007/s10584-016-1776-0,"AGS1243095,NNX10AK79G"
articles:21366,10.1007/s10584-016-1791-1,AGS1243095
articles:21387,10.1007/s10584-015-1504-1,"AGS1243095,NNX10AK79G"
articles:21372,10.1007/s10584-017-2133-7,AGS1243095
articles:21504,10.1175/BAMS-D-16-0206.1,1501993
articles:21506,10.1175/BAMS-D-17-0107.1,SC0012711
articles:21553,10.1175/MWR-D-17-0297.1,NA15OAR4590191
articles:21519,10.1002/2017JA025010,"NNX13AE20G,NNX14AE06G"
articles:21521,10.1175/JAMC-D-17-0164.1,"NNX13AH73G,NNX16AP28G"
articles:21601,10.1002/2017MS001232,"NNX14AE06G,NNX16AB82G,NNX17AI42G"
articles:21398,10.1002/2017JA024998,"NNX13AE20G,NNX14AD83G,NNX14AE06G,NNX16AB82G"
articles:21389,10.1002/2017GL076226,PLR1341527
articles:21524,10.1002/2017JA024683,"AGS1552153,NNX14AE08G,NNX17AI39G"
articles:21288,10.1002/2017JD027521,NNX15AE38G
articles:21246,10.5194/gmd-11-235-2018,968657
articles:21250,10.5194/gmd-11-103-2018,DESC0016476
articles:21250,10.5194/gmd-11-103-2018,DESC0016476
articles:21252,10.5194/acp-18-259-2018,AGS1033112
articles:21252,10.5194/acp-18-259-2018,AGS1033112
articles:21297,10.1002/2017JD027605,NNX12AD04G
articles:21346,10.1002/2017EF000709,DESC0012711
articles:21326,10.1175/BAMS-D-16-0221.1,DEEE0006016
articles:21556,10.1175/MWR-D-17-0186.1,NNX15AQ66G
articles:21397,10.1002/2017JA024715,AGS1339918
articles:21396,10.1175/JCLI-D-17-0193.1,"NA13OAR4310137,OCE1243015"
articles:21490,10.1175/JAS-D-17-0108.1,NNX16AK37G
articles:21149,10.1038/s41467-017-01302-z,"1243107,DESC0012711"
articles:21421,10.1038/s41558-017-0004-x,1243095
articles:21073,10.1038/s41467-017-00820-0,1417642
articles:21305,10.1002/2017GL076043,R11AC80816
articles:21422,10.1038/s41558-017-0007-7,AGS1048829
articles:21406,10.5194/cp-13-1851-2017,AGS1243107
articles:21234,10.1002/2017JD026868,DEAC0576RL01830
articles:21229,10.1002/2017JD026874,DEAC0576RL01830
articles:21230,10.1002/2017JD027006,DEAC0576RL01830
articles:21231,10.1002/2017JD026888,DEAC0576RL01830
articles:21410,10.5194/acp-17-14709-2017,DESC0016476
articles:21234,10.1002/2017JD026868,DEAC0576RL01830
articles:21232,10.1002/2017JD026912,DEAC0576RL01830
articles:21415,10.1051/swsc/2017034,1243107
articles:21237,10.1175/BAMS-D-16-0058.1,1331490
articles:21542,10.1175/MWR-D-17-0051.1,1331490
articles:21539,10.1175/MWR-D-16-0385.1,"DESC0008648,DESC0016476"
articles:21307,10.1175/JTECH-D-17-0111.1,298377
articles:21242,10.1002/2017GL075034,NA17OAR4310145
articles:21243,10.1002/2017GL074904,"NA13OAR4310138,NA17OAR4310145,OCE1243015"
articles:21148,10.1007/s00382-017-3524-1,NNX15AE48G
articles:21170,10.3847/1538-4365/aa8ef8,NNX13AE95G
articles:21168,10.5194/gmd-10-4005-2017,1243107
articles:21181,10.1021/acs.est.7b02436,1211668
articles:21193,10.1175/JCLI-D-16-0851.1,AGS1048829
articles:21194,10.1175/JCLI-D-16-0920.1,"AGS1243107,DESC0012711"
articles:21348,10.1175/MWR-D-17-0015.1,AGS0856145
articles:21352,10.1175/MWR-D-17-0145.1,M0856145
articles:21349,10.1175/MWR-D-17-0011.1,AGS1120459
articles:21437,10.1038/nclimate3421,"AGS1048996,ARC1048987"
articles:21437,10.1038/nclimate3421,"AGS1048996,ARC1048987"
articles:21162,10.1002/2017GL075641,OPP1443726
articles:21132,10.1002/2017JD027257,NNX11AI51G
articles:21150,10.1002/2017GL075079,PLR1341527
articles:21285,10.1002/2017JA024341,"AGS1339918,AGS1522830,NNX13AF93G,NNX14AD84G,NNX15AK75G"
articles:21121,10.1073/pnas.1704512114,DESC0006744
articles:21249,10.2151/sola.13A-005,"AGS1138784,NNX16AB82G"
articles:21161,10.1175/BAMS-D-16-0182.1,DEAC0576RL01830
articles:21164,10.1175/JPO-D-17-0130.1,1501993
articles:21089,10.1175/JCLI-D-16-0316.1,M0856145
articles:21446,10.1175/WAF-D-16-0224.1,10002
articles:21449,10.1175/WCAS-D-16-0125.1,NNX10AK79G
articles:21438,10.1002/2017GL075643,"NNX13AE20G,NNX14AE06G"
articles:21207,10.1109/COMST.2017.2746083,OCI1127341
articles:21199,10.1175/JTECH-D-17-0038.1,AGS0856145
articles:21255,10.1007/s11214-017-0415-z,NNX14AP03G
articles:21452,10.1038/nclimate3393,AGS1419563
articles:21452,10.1038/nclimate3393,AGS1419563
articles:21200,10.1002/2017JD027061,NNX14AF92G
articles:21123,10.1002/2017JD027158,NNX14AF92G
articles:21139,10.1002/2016JA023646,UDRT0006
articles:21203,10.1002/2017JD026748,"AGS1138784,NNX16AB82G"
articles:21141,10.1002/2016MS000749,N999999
articles:21033,10.3847/1538-4357/aa85a0,NNX13AJ04A
articles:21092,10.3390/s17092072,AGS1120459
articles:21455,10.1002/2017JD026622,DESC0016476
articles:21122,10.1175/JAMC-D-17-0076.1,NNX16AP28G
articles:21062,10.1002/2017MS000993,968657
articles:20977,10.5194/acp-17-9917-2017,NNX11AH90G
articles:21004,10.1002/2017GL074274,DESC0012606
articles:20956,10.1007/s00382-015-2787-7,"NA13OAR4310138,OCE1243015"
articles:20981,10.1039/C7FD00011A,1211668
articles:21046,10.1175/MWR-D-16-0410.1,NA15OAR4590238
articles:21011,10.1175/JHM-D-17-0011.1,2.02E+13
articles:21010,10.1175/JHM-D-16-0284.1,R11AC80816
articles:21029,10.1175/JAS-D-17-0067.1,NNX14AD83G
articles:20968,10.1002/2016MS000866,2.02E+13
articles:20983,10.1002/2017GL074117,"NA11NWS4620014,R15AC00049"
articles:20918,10.5194/hess-21-3701-2017,N999999
articles:20919,10.5194/amt-10-2533-2017,NNG15HQ03C
articles:20964,10.1002/2017JA024314,NNX13AE15G
articles:20967,10.1002/2017MS000960,DEAC3608GO28308
articles:20839,10.1088/1748-9326/aa7036,1211668
articles:19851,10.1175/JCLI-D-16-0228.1,DESC0006743
articles:20905,10.1175/JAS-D-16-0255.1,DESC0016476
articles:20907,10.1002/2017GL073537,DEAC3608GO28308
articles:20847,10.1002/2016JD026245,NNX11AI51G
articles:20853,10.1175/BAMS-D-15-00255.1,ATM0753581M0856145
articles:20897,10.1002/joc.4903,2.02E+13
articles:20927,10.1002/2016MS000839,NNX10AO53A
articles:20926,10.1175/JHM-D-16-0259.1,"1254557,R11AC80816"
articles:20912,10.1002/2017JA024273,NNX13AF77G
articles:20911,10.1002/2017JA024232,NNX14AE06G
articles:19822,10.1002/2017GL073253,R11AC80816
articles:19825,10.1002/2017GL073361,"NNX13AE20G,NNX14AE06G"
articles:19783,10.1175/JAS-D-16-0166.1,49A03A
articles:19782,10.1175/JAS-D-17-0043.1,DESC0016476
articles:19761,10.1016/j.epsl.2017.03.006,1418411
articles:20928,10.1175/JHM-D-16-0263.1,DESC0012711
articles:20882,10.1002/2016JC012580,NNX10AC16G
articles:19780,10.1175/JAS-D-16-0305.1,"NA14OAR4310224,NNX13AH92G"
articles:19735,10.1175/MWR-D-16-0308.1,AGS0856145
articles:19765,10.5194/tc-11-989-2017,"1517544,PLR1304220"
articles:19766,10.1002/2017GL072792,X09AJ83G
articles:19741,10.5194/acp-17-4731-2017,DEAC0576RL01830
articles:19693,10.1371/journal.pone.0175418,1448480
articles:19594,10.5194/acp-17-4493-2017,"AGS1033112,AGS1522830"
articles:21034,10.1007/s11214-017-0330-3,NNX14AP03G
articles:19772,10.1016/j.jastp.2017.03.007,"AGS1339918,NNX13AF93G,NNX14AD84G"
articles:19754,10.1002/2016JA023353,AGS1138784
articles:19771,10.1175/JCLI-D-16-0127.1,"NA13OAR4310138,OCE1243015"
articles:19806,10.1002/2016JA023520,"NNX14AE06G,NNX14AE08G"
articles:19805,10.1002/2016JA023825,NNX16AH06G
articles:19672,10.3847/1538-4365/229/1/6,NNX13AE95G
articles:19670,10.3847/1538-4365/229/1/8,NNX13AE95G
articles:19671,10.3847/1538-4365/229/1/5,NNX13AE95G
articles:19669,10.3847/1538-4365/229/1/9,NNX13AE95G
articles:19668,10.3847/1538-4365/aa582f,NNX13AE95G
articles:19666,10.3847/1538-4365/229/1/13,NNX13AE95G
articles:19686,10.3847/1538-4365/aa5830,NNX13AE95G
articles:19685,10.3847/1538-4365/229/1/11,NNX13AE95G
articles:19687,10.3847/1538-4365/229/1/4,NNX13AE95G
articles:19682,10.3847/1538-4365/229/1/7,NNX13AE95G
articles:19683,10.3847/1538-4365/229/1/15,NNX13AE95G
articles:19684,10.3847/1538-4365/229/1/2,NNX13AE95G
articles:19667,10.3847/1538-4365/229/1/3,NNX13AE95G
articles:19593,10.5194/amt-10-1093-2017,"AGS1522830,NNX12AQ18G"
articles:19847,10.3354/cr01442,"10,488,291,419,563"
articles:21287,10.1525/elementa.208,NNX14AE84G
articles:21470,10.1126/sciadv.1601545,DESC0012711
articles:21468,10.1038/nclimate3239,DESC0012711
articles:21468,10.1038/nclimate3239,DESC0012711
articles:19531,10.1007/s10546-016-0205-2,2.02E+13
articles:19674,10.1175/BAMS-D-15-00135.1,DEAC0576RL01830
articles:19516,10.1007/s13253-016-0270-5,1211668
articles:19713,10.1007/s11214-016-0273-0,AGS1522830
articles:19714,10.1007/s11214-016-0271-2,M0856145
articles:19708,10.1007/s11214-016-0269-9,NNX14AE08G
articles:19709,10.1007/s11214-016-0320-x,NNX14AE08G
articles:19636,10.1002/joc.4819,2.02E+13
articles:19517,10.1175/JAS-D-15-0370.1,M0856145
articles:19728,10.1175/JAS-D-16-0234.1,DESC0008648
articles:19464,10.1175/JHM-D-16-0102.1,M0856145
articles:19730,10.1175/JAS-D-16-0226.1,NNX14AD83G
articles:19657,10.1175/JCLI-D-16-0144.1,"AGS1120459,NA11NWS4620014"
articles:19466,10.1175/JHM-D-16-0125.1,AGS1243030
articles:19530,10.1002/2016GL072475,DESC0012711
articles:19546,10.1002/2016GL071892,NNX15AE38G
articles:19612,10.1002/2016JD025740,2.02E+13
articles:19549,10.5194/gmd-10-537-2017,DEAC0576RL01830
articles:19542,10.5194/angeo-35-181-2017,AGS1138784
articles:19623,10.1175/JAMC-D-16-0205.1,DTFAWA15D00036
articles:19629,10.1175/JCLI-D-16-0524.1,NA14OAR4310224
articles:19625,10.1175/JAMC-D-16-0312.1,DTFAWA15D00036
articles:19630,10.1175/WAF-D-16-0125.1,DTFAWA15D00036
articles:19627,10.1002/2016JA023688,AGS1339918
articles:19535,10.1007/s00382-016-3116-5,"10,488,291,048,841"
articles:19534,10.1002/2016GL071805,"1237211,1418411,DESC0012606"
articles:19521,10.5194/gmd-10-321-2017,EF1048481
articles:19505,10.1038/nclimate3168,AGS1048829
articles:19600,10.1002/2016JA023124,NNX14AE08G
articles:19361,10.1016/j.ocemod.2016.12.001,DESC0006768
articles:19491,10.1175/JAMC-D-16-0230.1,NNX13AH73G
articles:19490,10.1175/JAMC-D-16-0132.1,2.02E+13
articles:19461,10.1175/JCLI-D-16-0050.1,NNX12AH90G
articles:19601,10.1002/2016JA023560,"AGS1339918,NNX13AF93G"
articles:19501,10.1016/j.gloenvcha.2015.03.008,DESC0006704
articles:19487,10.1002/joc.4706,AGS1048829
articles:19395,10.1175/BAMS-D-14-00272.1,N999999
articles:19387,10.1175/JAMC-D-16-0183.1,DEEE0006016
articles:19334,10.1175/MWR-D-16-0063.1,DEEE0005374
articles:19488,10.1175/JAS-D-16-0104.1,X09AJ83G
articles:19473,10.1002/2016WR019545,AGS1243030
articles:19430,10.1016/j.scitotenv.2016.10.069,1211668
articles:20981,10.1039/C7FD00011A,1211668
articles:19320,10.1007/s10113-016-1082-4,GEO1211668
articles:19462,10.3847/1538-4357/834/1/10,NNX13AK54G
articles:19456,10.1002/2016JD025597,"20156700323460,NA14OAR4310186"
articles:19505,10.1038/nclimate3168,AGS1048829
articles:19480,10.1002/2016JA023038,AGS1033112
articles:19441,10.1175/JAS-D-16-0126.1,NNX11AC07G
articles:19467,10.1002/2016MS000727,DEAC0576RL01830
articles:19404,10.1007/s00382-016-3057-z,DESC0012711
articles:19322,10.1175/JAS-D-16-0167.1,NNX15AE48G
articles:19370,10.1175/EI-D-15-0048.1,"GEO1010204,NNX14AI89G"
articles:19471,10.1002/2016GL071267,NNX11AC07G
articles:19347,10.1002/2016JD025322,"10,488,291,419,563"
articles:18915,10.5194/ascmo-2-137-2016,AGS1243030
articles:18733,10.1175/JCLI-D-15-0618.1,DESC0012711
articles:18939,10.1175/JHM-D-16-0028.1,M0856145
articles:18913,10.1175/MWR-D-16-0021.1,AGS0856145
articles:19440,10.1002/ecs2.1559,DEAC0576RL01830
articles:19352,10.3390/w8110491,"DESC0012711,NSFAGS1243107"
articles:18749,10.1021/acs.est.6b02602,1211668
articles:18630,10.1002/asi.23721,1448480
articles:18893,10.1038/nclimate3103,1235231
articles:18742,10.1175/JCLI-D-15-0782.1,DESC0012711
articles:18743,10.1175/JCLI-D-16-0339.1,DESC0012711
articles:18909,10.1175/WAF-D-16-0073.1,NA15OAR4590191
articles:18896,10.1175/JCLI-D-15-0651.1,1203539
articles:18699,10.1016/j.esd.2016.07.007,1211668
articles:18704,10.1016/j.solener.2016.06.003,DEAC3608GO28308
articles:18819,10.1175/JAS-D-15-0365.1,NNX11AC07G
articles:19273,10.1175/JPO-D-15-0202.1,NNX10AC16G
articles:19332,10.1002/2016JA023058,"NNX12AJ54G,NNX13AE20G,NNX14AE06G"
articles:18950,10.1002/2016JD024941,NNX13AH73G
articles:18883,10.1002/2015JD024173,NNX12AD04G
articles:19304,10.1002/2016GL070356,"1401803,DESC0006744"
articles:18646,10.1016/j.jcp.2016.05.026,DMS0934317
articles:18796,10.5194/gmd-9-2973-2016,2.02E+13
articles:19293,10.1016/j.ocemod.2016.08.002,SC0006769
articles:18496,10.1016/j.atmosenv.2016.06.001,"NNX09AH03G,NNX11AG63G,NNX11AI10G"
articles:18889,10.1002/2016JA022598,AGS1408789
articles:18756,10.1175/JAS-D-15-0367.1,DESC0008648
articles:18759,10.1175/MWR-D-16-0104.1,DEEE0006016
articles:18876,10.1002/2016SW001450,AGS1138784
articles:18863,10.1175/JAMC-D-15-0290.1,NNX13AH73G
articles:19296,10.1002/2016JA023043,"AGS1339918,NNX13AF77G,NNX13AF93G,NNX14AD84G,NNX15AK75G"
articles:19305,10.1002/2016JA022984,AGS1033112
articles:18707,10.1002/2016GL069834,"AGS1339918,NNX13AF93G,NNX15AK75G"
articles:18782,10.5194/amt-9-3999-2016,NNG15HQ03C
articles:18725,10.5194/acp-16-10229-2016,NNX11AE19G
articles:18652,10.1038/srep31245,"1243107,DESC0012711"
articles:18647,10.1016/j.jastp.2016.06.003,AGS1339918
articles:18658,10.1175/MWR-D-16-0094.1,"DTFAWA15D00036,NA09NWS4670001"
articles:18653,10.1175/MWR-D-15-0368.1,DESC0008648
articles:18560,10.1016/j.solener.2016.04.016,DEEE0006016
articles:18722,10.1002/2016JA022882,"NNX12AJ54G,NNX14AE06G"
articles:18727,10.1002/2016JA022910,"AGS1138784,AGS1522830,NNX13AF77G,NNX14AP03G"
articles:18783,10.1002/2016JA022871,AGS1408789
articles:19301,10.1002/2016JA023072,"NNX12AJ54G,NNX14AE06G"
articles:18684,10.1088/1748-9326/11/8/084003,DESC0006704
articles:18671,10.1002/2016JD025274,968657
articles:18822,10.5194/os-12-925-2016,DESC0012711
articles:18685,10.1002/2016JD024890,"AGS1138784,NNX16AB82G"
articles:18602,10.1175/JCLI-D-15-0286.1,EF1048481
articles:18604,10.1175/JCLI-D-15-0527.1,OCE1243015
articles:18719,10.5194/acp-16-8375-2016,NA14OAR4310186
articles:18588,10.1073/pnas.1601085113,PLR1304220
articles:18698,10.1002/2016JA022898,"NNX10AQ59G,NNX12AJ54G,NNX13AE20G,NNX14AE06G"
articles:18632,10.1002/asl.673,AGS1048829
articles:18525,10.1038/ngeo2721,NNX13AH87G
articles:18675,10.1175/BAMS-D-14-00279.1,DEEE0006016
articles:18676,10.1175/JAMC-D-15-0354.1,DEEE0006016
articles:18712,10.1007/s00382-015-2852-2,"104,882,910,121,480,000"
articles:18739,10.1002/2016JA022859,AGS1522830
articles:18757,10.2151/jmsj.2016-017,DESC0008648
articles:18776,10.1002/2015JA022294,NNX14AE08G
articles:18777,10.1002/2016JA022867,AGS1138784
articles:18622,10.5194/acp-16-7917-2016,NNX15AE38G
articles:18524,10.1002/2016JD024863,NNX14AN47G
articles:18441,10.3847/0004-637X/824/2/93,NNX13AK54G
articles:18574,10.1175/JCLI-D-15-0664.1,DESC0012711
articles:18551,10.1186/s12940-016-0146-8,NNX11AI51G
articles:18058,10.1016/j.jhydrol.2016.03.038,S1048841
articles:18541,10.1088/1748-9326/11/6/064004,2.02E+13
articles:18607,10.1175/JHM-D-15-0121.1,NA11OAR4310142
articles:18640,10.1002/2016MS000627,41130964
articles:18610,10.1175/JHM-D-15-0122.1,NA11OAR4310142
articles:18517,10.1007/s10493-016-0035-4,CC999999
articles:18752,10.1016/j.crm.2016.06.003,"1048829,NA11OAR4310205"
articles:18809,10.1175/JHM-D-15-0227.1,NA13NES4400003
articles:18502,10.5194/gmd-9-1959-2016,DEAC0576RL01830
articles:18682,10.1002/2015JD024537,DESC0008648
articles:18569,10.1016/j.solener.2016.04.049,DEEE0006016
articles:18611,10.1002/2015JD024450,2.02E+13
articles:18401,10.1175/JCLI-D-15-0307.1,DEAC0576RL01830
articles:18643,10.1002/2016JA022382,AGS1138784
articles:18467,10.1175/MWR-D-14-00336.1,"NA13OAR4310138,OCE1243015"
articles:18546,10.1016/j.eneco.2016.01.011,1243095
articles:18545,10.1016/j.eneco.2015.02.003,1243095
articles:18555,10.1175/BAMS-D-14-00233.1,"1243107,NA13OAR4310138"
articles:18497,10.5194/acp-16-4885-2016,AGS1138784
articles:18368,10.1002/2015JD024553,X09AJ83G
articles:18411,10.1002/2015JD024446,DESC0008648
articles:18315,10.1016/j.ocemod.2016.02.004,"NA13OAR4310138,OCE1243015"
articles:18018,10.1016/j.renene.2015.12.030,DEEE0006016
articles:18313,10.1175/JHM-D-15-0112.1,2.02E+13
articles:18336,10.1175/JAS-D-15-0041.1,DESC0008648
articles:18337,10.1175/JAS-D-15-0040.1,DESC0008648
articles:18372,10.1002/2015SW001340,AGS1033112
articles:18619,10.1002/2015JA022008,"NNX10AF21G,NNX13AE15G"
articles:18618,10.1002/2016JA022390,"NNX10AQ59G,NNX12AJ54G,NNX13AE20G,NNX14AE06G"
articles:18417,10.1002/2016JA022528,"AGS1033112,AGS1522830"
articles:18691,10.1002/2016JA022455,NNX09AJ83G
articles:18446,10.1002/2016GL068010,"NNX12AJ54G,NNX14AE06G"
articles:18318,10.1002/2015JD023840,"AGS1048829,NNX11AI51G"
articles:18305,10.1002/2015GL067574,NA14OAR4310224
articles:18027,10.1002/2016GL068005,UDRT0006
articles:18501,10.5194/gmd-9-965-2016,NNX10AH45G
articles:18320,10.1016/j.ocemod.2015.12.009,"NA13OAR4310138,OCE1243015"
articles:18321,10.1016/j.ocemod.2015.12.008,"NA13OAR4310138,OCE1243015"
articles:18363,10.1111/biom.12383,AGS1048829
articles:18357,10.1175/JAMC-D-15-0130.1,NNX13AH73G
articles:18369,10.1175/JAMC-D-15-0131.1,NNX13AH73G
articles:18388,10.1002/2015JG003120,"AGS1048996,PLR1417642"
articles:18409,10.1002/2015JA022169,"NNX10AQ59G,NNX12AJ54G,NNX13AE20G,NNX14AE06G"
articles:18097,10.1175/JCLI-D-15-0429.1,"10,488,991,235,231"
articles:18323,10.1002/2015GL066727,AGS1048829
articles:20862,10.1007/s11214-015-0230-3,NNX08AQ34G
articles:18277,10.1371/journal.pone.0148890,NNX10AK79G
articles:18081,10.5194/acp-16-1417-2016,BERDESC0006780
articles:18499,10.5194/gmd-9-505-2016,DEAC0576RL01830
articles:18429,10.5194/amt-9-335-2016,AGS1033112
articles:18030,10.1002/2015JA022056,NNX13AF77G
articles:18039,10.3847/0004-637X/817/2/126,NNX13AJ04A
articles:18294,10.1007/s11207-015-0831-8,NNX08AQ34G
articles:18069,10.1175/WAF-D-15-0138.1,NA15OAR4590191
articles:18390,10.1155/2016/4830603,DESC0012711
articles:17897,10.1007/s00382-015-2638-6,DEAC0576RL01830
articles:17821,10.1175/JCLI-D-15-0176.1,NNX09AJ83G
articles:17712,10.3847/0004-637X/816/2/88,NNX14AQ31G
articles:18079,10.1175/BAMS-D-14-00018.1,"104,889,912,352,311,000,000"
articles:18092,10.1002/2015JA021832,"NNX10AQ59G,NNX12AJ54G,NNX13AE15G,NNX14AE06G"
articles:17912,10.1175/JPO-D-15-0133.1,"NA13OAR4310138,OCE1049190,OCE1243015"
articles:17909,10.1175/JPO-D-15-0116.1,DEEE0005373
articles:17793,10.1016/j.ocemod.2015.11.007,"NA13OAR4310138,OCE1243015"
articles:19447,10.1515/rnam-2016-0032,OCE1243015
articles:18006,10.1002/2015GL065364,"NA13OAR4310138,OCE1243015"
articles:17800,10.5194/acp-15-13993-2015,DESC0011664
articles:17704,10.5194/acp-15-13487-2015,DESC0006711
articles:17771,10.1175/JCLI-D-15-0090.1,"10,488,991,235,231"
articles:17773,10.1007/s11214-013-0028-0,NNX08AQ34G
articles:17669,10.1007/s40641-015-0021-7,DESC0012711
articles:17723,10.1007/s11214-015-0144-0,NNH09AK14I
articles:17759,10.1088/0004-637X/814/2/100,NNX14AQ31G
articles:17758,10.1088/0004-637X/814/2/125,NNH09AK02I
articles:17717,10.1007/s11214-013-0023-5,NNX09AJ89G
articles:18031,10.1002/2015JA021986,"AGS1033112,AGS1522830,NNX13AF77G"
articles:18016,10.1002/2015MS000532,DEAC0576RL01830
articles:17826,10.1175/JAS-D-15-0091.1,DESC0008648
articles:17791,10.5194/gmd-8-3801-2015,AGS0968657
articles:17742,10.1073/pnas.1511463112,NNX11AH90G
articles:17776,10.1098/rsta.2014.0423,"ARC1048987,ARC1048997"
articles:17670,10.1016/j.apenergy.2015.08.011,E0006016
articles:17745,10.1175/JAMC-D-15-0051.1,NNX10AK79G
articles:17654,10.1175/MWR-D-15-0154.1,DESC0008648
articles:18898,10.1016/j.jhydrol.2015.09.023,S1048841
articles:18898,10.1016/j.jhydrol.2015.09.023,S1048841
articles:17747,10.1002/2015GL065934,EF1048481
articles:17749,10.5194/gmd-8-3379-2015,DEAC0576RL01830
articles:17728,10.1002/2015JD023381,"DESC0012711,NNX11AG69G"
articles:17733,10.1002/2015JD023467,"NNX09AH03G,NNX11AG63G,NNX11AI10G"
articles:17726,10.5194/amt-8-4313-2015,NNX11AE19G
articles:17751,10.5194/amt-8-4281-2015,"AGS1033112,NNX12AP89G"
articles:16991,10.1175/JAS-D-15-0107.1,DESC0006748
articles:16979,10.1016/j.solener.2015.07.020,DEEE0006016
articles:16898,10.1016/j.jcp.2015.06.003,DMS0934317
articles:17663,10.1007/s11214-015-0170-y,"NNH11AR82I,NNH12AU10I"
articles:17655,10.1002/2015JA021396,NNX13AE15G
articles:17676,10.1016/j.apenergy.2015.07.059,DEAC3608GO28308
articles:17824,10.1002/2015JA021704,AGS1033112
articles:16922,10.1016/j.ocemod.2015.07.009,OCE1243015
articles:16884,10.1007/s00382-014-2413-0,"10,488,291,048,841"
articles:17741,10.1002/2014JA020861,"AGS1138784,NNX09AJ83G"
articles:17740,10.1002/2015JA021553-T,"AGS1339918,NNX13AF93G,NNX14AD84G"
articles:17639,10.1002/2014MS000405,"0968657,DEAC0576RL01830"
articles:16877,10.1175/MWR-D-15-0053.1,NA14AANWG0249
articles:16982,10.1007/s11207-015-0757-1,AGS1247226
articles:16959,10.5194/acp-15-9253-2015,DESC0006711
articles:16848,10.1126/science.aac9225,DESC0012711
articles:16854,10.1175/JAS-D-14-0363.1,"DESC0008648,NNX13AH73G"
articles:16821,10.1038/nclimate2657,DESC0012711
articles:16939,10.1002/2015JA021223,"NNX10AQ59G,NNX13AE15G"
articles:16761,10.1016/j.atmosenv.2014.09.042,DESC0006711
articles:16757,10.1016/j.atmosenv.2014.08.072,DESC0006711
articles:17641,10.1002/2015GL064796,NNX11AH90G
articles:16896,10.5194/gmd-8-2419-2015,DESC0006744
articles:16855,10.1175/JCLI-D-14-00801.1,NNX09AJ05G
articles:16871,10.1175/JCLI-D-14-00729.1,DEAC0576RL01830
articles:16767,10.1016/j.jastp.2015.04.004,AGS1033112
articles:16875,10.1175/BAMS-D-13-00212.1,NNX11AG69G
articles:16901,10.1002/2014JA020921,"AGS1138784,NNX09AJ83G"
articles:16733,10.1016/j.atmosenv.2015.04.069,"NNX09AH03G,NNX11AG63G,NNX11AI10G"
articles:16892,10.1002/2015JA021220,"AGS1033112,NNX09AJ60G,NNX10AQ49G,NNX10AQ59G,NNX12AJ54G,NNX13AE15G,NNX13AE20G,NNX14AE06G"
articles:16897,10.1002/2015JA020999,UDRT0001
articles:16906,10.1175/BAMS-D-14-00171.1,EAR1042909
articles:16902,10.1002/2015JA021026,"AGS1339918,NNX13AF93G"
articles:16722,10.1088/0004-637X/806/2/169,NNX08AQ34G
articles:16783,10.5194/gmd-8-1789-2015,"AGS1020767,EF1048481"
articles:16764,10.1080/10618600.2014.914946,DMS0707069
articles:16685,10.1088/0004-637X/806/1/79,NNX13AJ04A
articles:16691,10.1175/JAS-D-14-0307.1,DESC0008648
articles:16806,10.1002/2015JA021146,NNX13AE15G
articles:16804,10.1002/2015RS005677,AGS1033112
articles:16928,10.1002/2014MS000354,DEAC0576RL01830
articles:16831,10.1002/2015JA021126,"1138784,NNX09AN57G,NNX14AP03G"
articles:16693,10.1175/MWR-D-14-00344.1,ANT1135171
articles:16709,10.1038/ngeo2413,EF1048481
articles:16696,10.1175/MWR-D-14-00271.1,DESC0008648
articles:16725,10.1175/WAF-D-14-00047.1,AGS1033112
articles:16771,10.1002/2014JC010483,NNX10AC16G
articles:16763,10.1063/1.4921076,1025183
articles:16750,10.1038/nclimate2631,DESC0006704
articles:16741,10.1002/2014JD022887,"DESC0012711,NNX11AG69G"
articles:16689,10.1175/JCLI-D-14-00581.1,DEAC0576RL01830
articles:16713,10.1021/jp509534k,DESC0006711
articles:16617,10.5194/gmd-8-1395-2015,DEAC0576RL01830
articles:16720,10.5194/gmd-8-1299-2015,SC0006747
articles:16638,10.1088/0004-637X/804/1/67,"NNH09AK14I,NNX10AB81G"
articles:16809,10.1002/2014WR016585,EAR1215809
articles:16808,10.1002/2015JA021029,AGS1138784
articles:16661,10.1177/1094342014548771,AGS0856145
articles:16680,10.1175/JPO-D-14-0100.1,"NA13OAR4310138,OCE1243015"
articles:16754,10.1002/2014GB005022,EF1048481
articles:17678,10.1016/j.spasta.2015.01.004,DMS0707069
articles:18066,10.1017/S0962492914000130,DMS0934317
articles:16655,10.1088/1748-9326/10/4/044016,EF1048481
articles:16656,10.1080/01621459.2014.983229,NNX10AK79G
articles:16654,10.1175/JAMC-D-14-0137.1,NNX13AH73G
articles:16588,10.1016/j.camwa.2015.01.009,DMS0934317
articles:16600,10.1175/JCLI-D-14-00238.1,AGS1033112
articles:16599,10.1007/s10584-013-0936-8,NNX10AK79G
articles:16604,10.1175/JAS-D-14-0112.1,"AGS1033112,NA08NWS4670046"
articles:16606,10.1007/s10584-014-1308-8,"NA13NES4400003,NA14OAR4310186"
articles:16705,10.1002/2015WR017198,"EAR1215809,R4310142"
articles:16704,10.1002/2015WR017200,"EAR1215809,R4310142"
articles:18251,10.1007/s11207-015-0674-3,NNX10AB81G
articles:16616,10.1175/JCLI-D-14-00366.1,EAR1042909
articles:16577,10.1073/pnas.1415123112,"AGS1048996,ARC1048987"
articles:16669,10.5194/cp-11-403-2015,"ATM0513402,NSFEAR1237211"
articles:16613,10.1002/2014JA020934,"AGS1138784,NNX09AN57G"
articles:16485,10.1016/j.rse.2014.10.022,NNX10AK79G
articles:16642,10.1002/2014JA020935,"AGS1138784,NNX09AN57G"
articles:16640,10.1002/2014JA020886,NNX13AE15G
articles:16579,10.1175/JPO-D-14-0172.1,NNX10AC16G
articles:16662,10.1002/2014JA020769,AGS1400985
articles:16567,10.5194/acp-15-2215-2015,NNX11AH90G
articles:16512,10.1002/2014GL062784,NNX14AE08G
articles:16469,10.1186/s12889-015-1414-1,GEO1211668
articles:16556,10.5194/gmd-8-151-2015,NNX10AK79G
articles:16629,10.1002/2014JA020919,AGS1138784
articles:16630,10.1002/2014JA020028,"AGS1339918,NNX13AF93G,NNX14AD84G"
articles:16429,10.1016/j.renene.2014.08.060,NNX10AB30G
articles:16502,10.1175/JCLI-D-14-00103.1,"DESC0006702,NNX09AJ05G,NNX12AH90G"
articles:16504,10.1175/JCLI-D-14-00102.1,"DESC0006702,NNX09AJ05G,NNX12AH90G"
articles:16509,10.1007/s00382-014-2212-7,"NA13OAR4310138,OCE1243015"
articles:16508,10.1016/j.jastp.2014.11.006,NNX13AF93G
articles:16592,10.1002/2014JA020615,UDRT0001
articles:16668,10.1002/2014JC010625,NNX10AC16G
articles:16489,10.1088/0004-637X/799/2/220,NNX08AQ34G
articles:16533,10.1002/2014JD022244,NNX09AG65G
articles:16566,10.1088/1748-9326/10/2/025003,NNX13AJ02G
articles:16643,10.5194/acp-15-913-2015,DESC0008648
articles:16494,10.1002/2014JD021993,EMW2011FP01124
articles:16447,10.5194/acp-15-595-2015,DESC0006780
articles:16520,10.5194/amt-8-225-2015,AGS1033112
articles:16473,10.5194/acp-15-153-2015,DEAC0576RL01830
articles:16451,10.5194/acp-15-1-2015,DESC0006711
articles:16450,10.1111/rssc.12064,DMS0707069
articles:16455,10.1175/JCLI-D-14-00223.1,EF1048481
articles:16466,10.1175/JAS-D-14-0066.1,"DESC0008648,NNX12AH90G"
articles:16463,10.1175/JAS-D-14-0065.1,"DESC0008648,NNX12AH90G"
articles:14514,10.1002/2014GL062468,"AGS1138784,NNX09AJ83G,NNX13AE20G"
articles:14531,10.1073/pnas.1418197111,DESC0006702
articles:14506,10.5194/acp-14-13391-2014,NNX11AH90G
articles:14505,10.5194/acp-14-13119-2014,NNX11AH90G
articles:14519,10.5194/acp-14-12983-2014,CHE1049058
articles:14509,10.5194/amt-7-4223-2014,NNX11AE19G
articles:14565,10.1002/2014JA020555,NNX14AE08G
articles:14564,10.1002/2014JA020416,"NNX10AQ59G,NNX12AJ54G"
articles:14511,10.1175/JAS-D-14-0231.1,DESC0008648
articles:14567,10.1002/2014JA020220,AGS1033112
articles:14566,10.1002/2014JA020530,AGS1138784
articles:14510,10.1175/JAS-D-14-0037.1,DESC0008648
articles:14403,10.1002/2014MS000363,SC0006743
articles:14405,10.5194/amt-7-3623-2014,NNG04HZ26C
articles:14441,10.1175/JAS-D-13-0233.1,DESC0006690
articles:14432,10.1175/JAS-D-13-0234.1,DESC0006690
articles:14430,10.1175/JAS-D-14-0095.1,DEEE0005373
articles:14431,10.1175/MWR-D-14-00024.1,"60031541,AGS1033112,NNX12AP89G"
articles:14529,10.1002/2014SW001133,AGS1033112
articles:14427,10.1175/JAS-D-14-0070.1,"DESC0008648,NNX12AH90G"
articles:14539,10.1002/2014JA020390,"NNX10AQ59G,NNX12AJ54G,NNX13AE20G,NNX14AE06G"
articles:14446,10.1175/MWR-D-13-00275.1,AGS1033112
articles:14324,10.1016/j.jastp.2014.06.009,"AGS1138784,NNX09AJ83G,NNX13AE20G"
articles:14425,10.5194/acp-14-10631-2014,DEAC0576RL01830
articles:14488,10.1002/2014GL061471,"NNX10AQ49G,NNX10AQ59G,NNX12AJ54G,NNX13AE20G,NNX14AE06G"
articles:14409,10.1103/PhysRevE.90.043010,1025183
articles:14448,10.1002/2014JD022204,NNX12AP89G
articles:14428,10.5194/acp-14-10845-2014,DESC0006711
articles:14351,10.1007/s00382-013-2011-6,"AGS1048829,AGS1048841"
articles:14370,10.1175/JAS-D-14-0017.1,DESC0006748
articles:14490,10.1002/2014RS005436,AGS1033112
articles:14472,10.1038/nclimate2341,NNX09AH89G
articles:14378,10.5194/gmd-7-2193-2014,EF1048481
articles:14286,10.5194/acp-14-10103-2014,NNX12AH90G
articles:14269,10.5194/acp-14-10013-2014,DEAC0576RL01830
articles:14377,10.5194/gmd-7-2065-2014,DMS0934317
articles:14439,10.1002/2014JA020207,NNH11AR24I
articles:14332,10.1175/JAMC-D-13-0322.1,NNX09AN79G
articles:14454,10.1002/2014MS000315,DEAC0576RL01830
articles:14287,10.1175/JTECH-D-13-00195.1,AGS1033112
articles:14291,10.1038/nclimate2323,EF1048481
articles:14215,10.1103/PhysRevE.90.023018,1025183
articles:14323,10.1002/2014JD021776,"AGS1138784,NNX09AJ83G"
articles:14262,10.1002/2014GL061077,NNX08AQ34G
articles:14247,10.1175/JCLI-D-14-00121.1,S1048841
articles:14186,10.1016/j.jastp.2013.12.013,AGS1033112
articles:14230,10.1007/s00382-013-1980-9,DESC0006743
articles:14229,10.1007/s00382-014-2067-y,DEAC0576RL01830
articles:14244,10.1175/MWR-D-14-00008.1,NA09NWS4670001
articles:14308,10.1002/2014JA020243,"AGS1138784,NNX09AJ83G,NNX09AN57G,NNX13AF77G"
articles:14251,10.1002/2014GL060698,AGS0856145
articles:14252,10.1002/2013JD021303,NNX13AH73G
articles:14205,10.1002/2013JD020630,DEAC0576RL01830
articles:14218,10.5194/bg-11-3899-2014,AGS1020767
articles:14337,10.5194/gi-3-111-2014,M0904552
articles:14190,10.1002/2014GL060649,DESC0006711
articles:14207,10.1002/2013JD020716,DEAC0576RL01830
articles:14192,10.1088/0004-637X/789/2/132,NNH09AK02I
articles:14191,10.1038/nature13462,NNX10AK79G
articles:14295,10.1071/WF12194,EMW2011FP01124
articles:14257,10.1002/2013JA019748,1549222
articles:14256,10.1002/2014JA020089,AGS1339918
articles:14258,10.1002/2014JA020189,AGS1033112
articles:14178,10.1175/JCLI-D-13-00608.1,NNX09AJ05G
articles:14158,10.1007/s10291-013-0340-x,AGS1033112
articles:18237,10.1603/ME14015,GEO1010204
articles:14068,10.1088/0004-637X/789/1/35,NNX10AB81G
articles:14319,10.5194/gmd-7-1183-2014,ANT1103686
articles:14087,10.5194/acp-14-6213-2014,DESC0006711
articles:14173,10.1002/2013JD021227,NNX10AK79G
articles:14174,10.1002/2014JD021542,"AGS1048829,AGS1048841"
articles:14063,10.1088/0741-3335/56/6/064004,NNH09AK14I
articles:14196,10.1175/WCAS-D-13-00068.1,1211668
articles:14224,10.1002/2014JA019936,"NNX10AQ59G,NNX12AJ54G,NNX13AE20G,NNX13AF93G"
articles:14168,10.1175/JAMC-D-13-0158.1,NWWG9400200027
articles:14163,10.1002/2013JA019552,"AGS1033112,NNX09AJ60G,NNX10AQ49G,NNX10AQ59G,NNX12AJ54G,NNX13AE15G,NNX13AE20G"
articles:14141,10.1080/03091929.2013.857667,NNX08AQ34G
articles:18234,10.1088/0004-637X/788/2/127,NNH09AK02I
articles:14155,10.1002/2013JD020932,AGS1048829
articles:14157,10.1002/2013JD021110,DEAC0576RL01830
articles:13994,10.5194/acp-14-4843-2014,NNX09AJ83G
articles:14039,10.1002/2013JD021208,X09AJ83G
articles:14115,10.1175/JCLI-D-13-00294.1,NNX09AH89G
articles:14127,10.1002/2014JA019849,"AGS1033112,AGS1138784,NNX09AJ83G"
articles:14125,10.1002/2013JA019626,AGS1033112
articles:14109,10.1175/JCLI-D-13-00274.1,DESC0005355
articles:18232,10.1603/ME13214,GEO1010204
articles:13997,10.5194/gmd-7-613-2014,AGS1020767
articles:14048,10.1002/2014GL059239,"10,488,991,235,231"
articles:14112,10.1002/2013JD020648,DEAC0576RL01830
articles:14019,10.1088/2041-8205/785/1/L8,NNX08AQ34G
articles:13314,10.1002/2013JA019062,"1339918,NNX12AJ54G,NNX13AF93G"
articles:13360,10.1002/2013JA019487,"NNX09AN57G,NNX13AF77G"
articles:13359,10.1002/2013JA019716,NNX13AF93G
articles:14052,10.1002/2013JD021101,NNX10AK79G
articles:14053,10.1002/2013JD021026,NA13NES4400003
articles:14050,10.1002/2013JD021122,DESC0006745
articles:14083,10.1002/2013JA019725,"NNX10AQ49G,NNX10AQ59G,NNX12AJ54G,NNX13AE20G,NNX14AE06G"
articles:14055,10.1088/0004-637X/784/1/20,NNX13AE95G
articles:13377,10.1002/2013JD020566,DEAC0576RL01830
articles:14078,10.1002/2013JA019453,"NNX10AQ59G,NNX12AJ54G,NNX13AE20G"
articles:14086,10.1002/2013JA019407,NNX10AF21G
articles:13326,10.1175/JCLI-D-13-00372.1,DEAC0576RL01830
articles:13338,10.1016/j.atmosres.2013.10.007,OCI1234742
articles:13992,10.1002/2013JA019744,AGS1138784
articles:13999,10.1002/2013GB004665,AGS1020767
articles:14037,10.1002/2013MS000268,DESC0006745
articles:13336,10.1175/MWR-D-13-00156.1,DESC0008648
articles:14041,10.1002/2013MS000282,"DESC0008648,NNX12AH90G"
articles:13375,10.1002/2013JA019438,"NNX09AJ60G,NNX10AF21G"
articles:13343,10.1002/2013GL058781,NNX11AC07G
articles:13266,10.1175/JCLI-D-13-00291.1,"NNX10AB30G,NNX10AK79G"
articles:13291,10.1093/mnras/stt2353,NNX08AQ34G
articles:14056,10.1002/2013JA019421,"AGS1138784,NX09AJ83G"
articles:13068,10.1007/s11207-012-0221-4,NNH09AK14I
articles:13993,10.1002/2013JA019490,"AGS1138784,NNX09AN57G,X13AF77G"
articles:13126,10.1007/s00382-013-1713-0,S1048841
articles:13299,10.1002/2013JC009450,NNX10AC16G
articles:13195,10.5194/gmd-7-105-2014,SC0006747
articles:18227,10.3354/cr01196,1048829
articles:14069,10.1175/WCAS-D-13-00004.1,1211668
articles:13295,10.1063/1.4861061,DEAC3608GO28308
articles:13181,10.1175/JCLI-D-12-00588.1,ANT1103686